{
  "timeframe": "5m",
  "lookback_bars": 1000,
  "significance_level": 0.05,
  "min_samples": 200,
  "pairs_to_test": [
    {
      "asset1": "SOL",
      "asset2": "MELANIA",
      "comment": "Current trading pair - V14s strategy"
    },
    {
      "asset1": "SOL",
      "asset2": "JUP",
      "comment": "Planned second pair"
    },
    {
      "asset1": "ETH",
      "asset2": "BTC",
      "comment": "Major pair comparison"
    },
    {
      "asset1": "SOL",
      "asset2": "BONK",
      "comment": "Alternative SOL pair"
    }
  ],
  "output": {
    "terminal": true,
    "save_json": true,
    "json_filename": "cointegration_results.json"
  },
  "notes": {
    "timeframe_explanation": "5m matches HTF bias in V14s strategy (1m entry + 5m direction)",
    "lookback_bars_explanation": "1000 bars = ~3.5 days of 5m data (sufficient for robust testing)",
    "significance_level_explanation": "0.05 = 5% level (standard for statistical testing)"
  }
}
